000000000,Simona,Kuźmińska,Turcja,1987-05-31
000000001,Cham,Żmijewski,Filipiny,1972-11-29
000000002,Klemencja,Adamska,Urugwaj,1955-01-08
000000003,Marian,Zalewski,Bahamy,1974-04-22
000000004,Cela,Dubicka,Nepal,1984-11-19
000000005,Erazm,Makowski,Tajlandia,1966-03-16
000000006,Walentyna,Witwicka,Szwajcaria,1964-05-23
000000007,Pantagruel,Zajączkowski,Pitcairn,1961-06-17
000000008,Zuzanka,Skibniewska,Bonaire,1974-02-11
000000009,Salwator,Zaborowski,Irak,1961-02-28
000000010,Ciechosława,Sroczyńska,Nepal,2000-09-30
000000011,Akwilon,Stojewski,Togo,1968-04-16
000000012,Ksymena,Gliwicka,Wschodni Timor,1972-10-16
000000013,Zdobysław,Szewiński,Guam,1966-08-21
000000014,Helusia,Janczewska,Wyspa Bożego Narodzenia,1957-03-27
000000015,Menassa,Pankowski,Namibia,1983-06-20
000000016,Ernesta,Napiórkowska,Nigeria,1954-06-20
000000017,Świętomir,Radziszewski,Bahrajn,1979-12-31
000000018,Niegosława,Młodawska,Serbia,1996-08-16
000000019,Ante,Rychlewski,Wietnam,1970-10-29
000000020,Bernadeta,Konopnicka,Algieria,1982-11-27
000000021,Zbysio,Krzesiński,Wyspy Dziewicze-USA,1987-05-27
000000022,Marcelina,Skarżanka,Angola,2012-11-23
000000023,Narbut,Żyrynowski,Burundi,2002-07-31
000000024,Gaudencja,Gołębiewska,Litwa,1965-03-05
000000025,Saul,Przypkowski,Melilla,1976-01-07
000000026,Magdusia,Osiatyńska,Wyb.Kości Słoniowej,1996-03-23
000000027,Bert,Falkowski,Etiopia,1988-10-28
000000028,Edka,Marczewska,Kajmany,1954-06-24
000000029,Franciszek,Branicki,Wyspy Dziewicze-W.B,1984-11-02
000000030,Marynia,Pomianowska,Wallis i Futuna,1987-12-12
000000031,Prokop,Łapiński,Montserrat,2007-11-21
000000032,Helga,Szpakowska,Nikaragua,1970-11-29
000000033,William,Winnicki,Grecja,1989-05-29
000000034,Wela,Różańska,Argentyna,1974-04-24
000000035,Eliezer,Dzieński,Liban,2007-05-17
000000036,Stefcia,Niesłuchowska,Suazi,1998-03-05
000000037,Ksawery,Bogdański,Melilla,1963-01-17
000000038,Felicyta,Krzyżanowska,Ukraina,1961-05-09
000000039,Przybymir,Gajewski,Honduras,1974-09-25
000000040,Paulina,Piątkowska,Mariany Północne,1998-11-30
000000041,Mohammed,Białoszewski,Wyspy Turks i Caicos,1975-11-07
000000042,Luba,Czacka,Burundi,2003-04-08
000000043,Iwan,Hański,Malediwy,1969-10-09
000000044,Radzisława,Bilska,Szwajcaria,2001-07-31
000000045,Winicjusz,Kaczkowski,Rosja,1961-05-26
000000046,Irina,Regulska,Wyspa Bouveta,1976-10-04
000000047,Siemirad,Czapliński,Majotta,1978-08-25
000000048,Arachne,Sawicka,Wyspy Cooka,1983-12-15
000000049,Edward,Włodkowski,Libia,1977-05-03
000000050,Manfreda,Szpotańska,Erytrea,1950-04-17
000000051,Warcisław,Szałański,Paragwaj,1990-03-11
000000052,Sierosława,Gałczyńska,Grecja,1950-12-16
000000053,Nabuchodonozor,Łukaczyński,Arabia Saudyjska,1959-08-15
000000054,Zofia,Solińska,Mauretania,1965-09-17
000000055,Ludosław,Gielarowski,Mauretania,1965-12-17
000000056,Justynka,Urbańska,Dżibuti,1984-12-01
000000057,Ben,Lanckoroński,Guam,1990-06-19
000000058,Karina,Kołakowska,Ceuta,1978-07-17
000000059,Przedsław,Tokarski,Niger,1991-04-13
000000060,Fredka,Żórawska,Paragwaj,1995-10-09
000000061,Jontek,Ciszewski,Urugwaj,2012-02-17
000000062,Zefiryna,Nałkowska,Dania,1994-02-06
000000063,Trzebomysł,Nałkowski,Zambia,1979-12-30
000000064,Mańka,Konarska,Argentyna,1980-12-02
000000065,Piotruś,Łabędzki,Laos,1977-02-24
000000066,Urszulka,Urbańska,Niderlandy,2012-11-02
000000067,Czarek,Chłopicki,Nikaragua,1988-12-02
000000068,Joaśka,Wołodyjowska,Norwegia,2002-01-31
000000069,Hugo,Cieśliński,Kirgistan,1953-06-08
000000070,Mariolka,Gąsowska,Dżibuti,1974-01-07
000000071,Antoniusz,Dulski,Bahamy,1981-09-29
000000072,Fela,Choromańska,Wyspa Bożego Narodzenia,1991-07-04
000000073,Uzjasz,Laskowski,Angola,1995-12-26
000000074,Debora,Łukasińska,Malawi,1966-11-13
000000075,Odo,Choromański,Rwanda,2001-03-26
000000076,Konda,Badowska,Armenia,2000-07-01
000000077,Mironieg,Duszyński,Australia,2011-11-20
000000078,Magdalena,Przybyszewska,Dania,1969-03-19
000000079,Gniewosz,Moszczyński,Chile,1987-02-27
000000080,Imisława,Lipka,Bonaire,1997-10-27
000000081,Boguś,Cackowski,Francja,1960-03-24
000000082,Nauzykaa,Kulczyńska,Wyspy Cooka,1991-10-27
000000083,Ewaryst,Rozłucki,Kajmany,1987-08-12
000000084,Kasia,Rudnicka,Bermudy,1963-06-06
000000085,Frumencjusz,Dworakowski,Grenlandia,2012-10-28
000000086,Mścisława,Wierzbicka,Singapur,1997-04-30
000000087,Szczepcio,Kietliński,Indie,1964-07-20
000000088,Madzia,Słomczewska,Kamerun,1954-11-01
000000089,Franek,Kulikowski,Austria,1975-08-20
000000090,Fredka,Kalinowska,Meksyk,2006-12-02
000000091,Icek,Kiełczewski,Wyspa Bożego Narodzenia,1952-11-20
000000092,Malwinka,Warska,Niemcy,1962-03-17
000000093,Teobald,Gucwiński,Filipiny,1981-06-29
000000094,Roma,Tańska,Rumunia,1958-10-14
000000095,Wyszemir,Życzyński,Republika Czeska,1993-02-24
000000096,Hania,Kazimierowska,Gwinea Równikowa,2008-05-04
000000097,Samiusz,Mączyński,Bahamy,1988-05-20
000000098,Adelaida,Węsławska,Ghana,1958-11-01
000000099,Abraham,Siwiński,Etiopia,1957-08-07
000000100,Alfreda,Sławkowska,Afganistan,1965-07-03
000000101,Nufcio,Urbanowski,San Marino,1983-06-21
000000102,Kazia,Budziszewska,Izrael,2006-10-18
000000103,Leonard,Kiciński,Gwatemala,1998-01-06
000000104,Julia,Krasowska,Wallis i Futuna,1966-06-09
000000105,Remus,Łętowski,Libia,1969-08-11
000000106,Edyta,Barańska,Kuba,2004-10-17
000000107,Jehuda,Sapiński,Albania,1982-10-04
000000108,Mela,Jaroszyńska,Rosja,1954-01-07
000000109,Prymus,Żebrowski,Gwinea Równikowa,2005-05-22
000000110,Marcelina,Kazimierowska,Watykan,1955-07-14
000000111,Lolek,Dereszowski,Grenlandia,1955-10-08
000000112,Paulinka,Falkowska,Kanada,1952-03-21
000000113,Ludvig,Darlewski,Belgia,1972-05-13
000000114,Teklusia,Popławska,Malawi,1974-12-27
000000115,Szymuś,Buczyński,Syria,1973-10-13
000000116,Persefona,Wiktorowska,Portugalia,1992-07-06
000000117,Lesio,Kaliszewski,Japonia,1975-01-15
000000118,Olunia,Gałczyńska,Trynidad i Tobago,1968-06-07
000000119,Litman,Niewiadomski,Macedonia,1995-12-07
000000120,Rozalia,Skorupska,Gwinea Równikowa,2007-12-26
000000121,Norbert,Starzyński,Tokelau,1993-07-19
000000122,Benedykta,Sosińska,Gwinea,1953-11-30
000000123,Jureczek,Dąbrowski,Dżibuti,1997-11-19
000000124,Małgorzatka,Łuczyńska,Wyspa Bożego Narodzenia,1982-09-12
000000125,Taras,Strzelecki,Seszele,2006-10-25
000000126,Warwara,Gojawiczyńska,Gwatemala,1997-05-09
000000127,Sławomierz,Kalinowski,Czarnogóra,1952-07-09
000000128,Miłosława,Kochanowska,Mołdowa,2005-05-26
000000129,Roland,Gutkowski,Rumunia,1957-12-25
000000130,Cieszysława,Piechocka,Wenezuela,1969-09-02
000000131,Robert,Pankowski,Algieria,1982-06-25
000000132,Witomiła,Gosławska,Zambia,1987-12-27
000000133,Paramon,Gąsowski,Tokelau,1988-02-21
000000134,Alfonsyna,Kłoszewska,Melilla,1963-10-01
000000135,Namysław,Nowacki,Aruba,1986-10-12
000000136,Karinka,Zajączkowska,Sudan Południowy,1962-10-05
000000137,Wyszemir,Ptasiński,Burkina Faso,1986-10-11
000000138,Jadźka,Kamieńska,Bośnia i Hercegowina,1992-03-26
000000139,Godzisław,Ryszkowski,Fidżi Republika,2000-08-01
000000140,Szarlota,Rogulska,Algieria,1976-06-04
000000141,Ksawery,Figarski,St.Vincent i Grenadyny,1997-01-11
000000142,Wirgilia,Sobieska,Kuwejt,1989-11-11
000000143,Andrzej,Dzięgielewski,Ghana,1971-06-25
000000144,Berenika,Chmielowska,Izrael,1997-05-11
000000145,Nestor,Żabiński,Lesotho,1996-05-08
000000146,Zinaida,Skarżanka,Sierra Leone,1990-10-26
000000147,Sławuś,Łukawski,Gwatemala,1968-05-28
000000148,Henia,Laszczka,Malawi,2002-03-08
000000149,Tennessee,Laskowski,Libia,2003-08-01
000000150,Zenobia,Kopalińska,Egipt,2001-01-16
000000151,Antemiusz,Gołogórski,Australia,2008-12-07
000000152,Melpomena,Stachurska,Gruzja,1983-06-06
000000153,Niegosław,Dwernicki,Belgia,1951-11-01
000000154,Julka,Ulatowska,Bangladesz,1989-12-28
000000155,Domosław,Noakowski,Oman,1967-03-02
000000156,Uleńka,Bocheńska,Rumunia,1976-11-21
000000157,Protogen,Bałucki,Paragwaj,1963-06-15
000000158,Ewodia,Moszczyńska,Tonga,1968-11-26
000000159,Kasper,Mrozowski,Zambia,2012-05-24
000000160,Olimpia,Trzetrzelewska,Gibraltar,1966-03-25
000000161,Polifem,Boratyński,Estonia,1971-05-12
000000162,Egeria,Murańka,Watykan,1999-06-26
000000163,Wszebąd,Paszkowski,Oman,1955-02-10
000000164,Władysława,Rowecka,Palau,1982-02-15
000000165,Szwieciech,Modzelewski,Rep.Środkowoafryańska,1975-12-27
000000166,Delfina,Smardzewska,Uganda,2005-10-07
000000167,Bronimir,Biegański,Niderlandy,1970-05-17
000000168,Truda,Łuczyńska,St.Lucia,2004-11-13
000000169,Danisz,Czapliński,Hiszpania,1953-09-17
000000170,Estera,Modrzewska,Wallis i Futuna,1977-02-28
000000171,Maurycy,Wierzyński,Święta Helena,1965-08-26
000000172,Mironiega,Wierzejska,Liban,1956-01-17
000000173,Ludwiczek,Wyczółkowski,Niue,1991-10-21
000000174,Salcia,Pasieka,Egipt,1975-10-29
000000175,Tadeuszek,Kotkowski,Szwecja,1975-05-10
000000176,Irusia,Olszewska,Tajlandia,1981-11-09
000000177,Trojan,Rylski,Gwinea Równikowa,2007-10-08
000000178,Anna,Sadecka,St.Lucia,1957-10-30
000000179,Hortensjusz,Kapczyński,Mariany Północne,1971-06-15
000000180,Wega,Ochojska,Egipt,1986-03-25
000000181,Tomił,Rafalski,Ghana,1995-06-05
000000182,Domenka,Lutosławska,Mongolia,1984-09-02
000000183,Pinokio,Sobański,Nigeria,2005-11-09
000000184,Otylka,Mrówczyńska,Czad,1960-01-14
000000185,Bożysław,Kozłowski,Dominika,1989-08-17
000000186,Atena,Międzyrzecka,Ceuta,1963-11-20
000000187,Werter,Krasuski,Tadżykistan,1985-04-03
000000188,Alusia,Dąbkowska,Sri Lanka,1992-12-09
000000189,Rolf,Trzaski,Samoa,1995-12-10
000000190,Ewunia,Orzechowska,Liberia,1995-04-07
000000191,Achates,Sosnowski,Chiny,1951-03-23
000000192,Ulcia,Krzyżanowska,Chile,1961-04-19
000000193,Fabian,Marcinkowski,Mauritius,1995-09-14
000000194,Milenia,Mostowska,Tonga,1992-02-04
000000195,Zefir,Piskorski,Mongolia,1983-01-31
000000196,Florentyna,Suchecka,Haiti,1982-09-26
000000197,Wszemir,Łukomski,Gabon,1959-09-17
000000198,Miśka,Świerczewska,Malawi,1992-05-27
000000199,Krescens,Wierciński,Nowa Kaledonia,1967-07-03
000000200,Emilcia,Markowska,Argentyna,2004-07-23
000000201,Joe,Łękawski,Okupowane Terytorium Palestyny,1982-02-12
000000202,Ciechosława,Romanowska,Saint Barthelemy,2001-06-10
000000203,Józafat,Żeleński,Malediwy,1971-05-01
000000204,Maryjka,Kaczmarska,St.Kitts i Nevis,1967-07-29
000000205,Melchior,Adamczewski,Tajlandia,1969-09-13
000000206,Ewodia,Waliszewska,Gujana,1958-07-28
000000207,Zygfryd,Kolbuszewski,Bahrajn,1955-03-16
000000208,Wielisława,Glinka,Salwador,1997-03-18
000000209,Lutogniew,Rowiński,Mołdowa,1997-10-15
000000210,Joachima,Gałczyńska,Sudan,1981-09-12
000000211,Janosik,Koprowski,Białoruś,1956-09-16
000000212,Żaklinka,Łyszkowska,Surinam,1977-04-30
000000213,Filuś,Żabicki,St.Kitts i Nevis,2009-01-05
000000214,Malwina,Orlikowska,Chile,1953-12-30
000000215,Winicjusz,Kochanowski,Senegal,2011-07-19
000000216,Efrata,Świniarska,Gwinea-Bissau,2002-10-17
000000217,Kanty,Karkowski,Angola,1986-12-08
000000218,Andromeda,Jurkowska,Haiti,2002-10-13
000000219,Martynian,Kaczkowski,Benin,1959-11-24
000000220,Bernardyna,Doroszewska,Bermudy,1981-11-23
000000221,Tichon,Rogalski,Papua Nowa Gwinea,1958-02-28
000000222,Fausta,Pytkowska,Mauritius,1962-03-21
000000223,Achil,Tomaszewski,Vanuatu,1995-03-12
000000224,Erwina,Żochowska,Japonia,1958-07-16
000000225,Wolfgang,Żabotyński,Słowacja,2000-07-14
000000226,Nancy,Śmietańska,St.Kitts i Nevis,1988-10-28
000000227,Rodryk,Radziszewski,Liberia,1970-12-08
000000228,Wilhelmina,Gosławska,Aruba,1991-08-27
000000229,Rob,Słomczyński,Salwador,1983-02-11
000000230,Rut,Czarkowska,Curaçao,1992-01-08
000000231,Reinhold,Ptasiński,Jamajka,1979-10-09
000000232,Mireczka,Drozdowska,Nowa Kaledonia,2007-08-17
000000233,Filemon,Moczydłowski,Fidżi Republika,1997-12-31
000000234,Simona,Milewska,Gwinea-Bissau,1999-10-31
000000235,Lew,Limanowski,Niger,1983-01-09
000000236,Jasia,Białoszewska,Łotwa,2008-11-09
000000237,Czcirad,Dziewięcki,Papua Nowa Gwinea,1996-07-01
000000238,Ludwisia,Sławska,Barbados,1981-08-01
000000239,Zebulon,Małecki,Nowa Zelandia,1988-12-21
000000240,Gawła,Wilińska,Rep.Połud.Afryki,1991-08-23
000000241,Telesfor,Milczanowski,Vanuatu,1958-05-02
000000242,Ryszarda,Przybylska,Turcja,1955-02-24
000000243,Antoni,Moczarski,Mołdowa,1982-09-05
000000244,Czesia,Dzięgielewska,Vanuatu,1976-01-26
000000245,Kajetan,Księżopolski,Chile,1986-10-16
000000246,Halka,Iwańska,Komory,1954-10-26
000000247,Abraham,Szewiński,Azerbejdżan,1989-06-02
000000248,Matrona,Wokulska,Kuba,1966-06-01
000000249,Chrystian,Nowacki,Grecja,1993-12-21
000000250,Agrypina,Olbrychska,Republika Korei,1986-08-17
000000251,Witołd,Daszyński,Indie,2000-08-02
000000252,Ryszarda,Zdrojewska,Palau,1974-08-05
000000253,Arnosz,Krupiński,Palau,1958-09-03
000000254,Amanda,Starczewska,Czad,1998-05-15
000000255,Elizeusz,Gąsowski,Togo,2005-12-12
000000256,Basia,Rakowska,Australia,1985-07-11
000000257,Wróciwoj,Stawiarski,St.Lucia,1969-05-20
000000258,Lideczka,Osiatyńska,Gwinea,1999-05-25
000000259,Danisz,Maliński,St.Lucia,1961-05-19
000000260,Karinka,Glińska,Ghana,2001-12-14
000000261,Leoś,Siedlecki,St. Pierre i Miquelon,1955-11-13
000000262,Odilla,Namysłowska,Tadżykistan,1975-09-09
000000263,Brunon,Idzikowski,Sudan Południowy,1958-11-10
000000264,Zuza,Budzińska,Watykan,2006-07-20
000000265,Radomir,Łukasiński,Iran,2012-05-12
000000266,Alberta,Pieńkowska,Wietnam,1950-06-07
000000267,Zbyszko,Lemański,Kuwejt,1995-07-08
000000268,Benigna,Łempicka,Chiny,1958-10-22
000000269,Blizbor,Jaskólski,Gambia,1968-12-16
000000270,Jurata,Koziarska,Bahamy,1963-03-27
000000271,Bogdanek,Ryszkowski,St. Pierre i Miquelon,1986-03-04
000000272,Tatiana,Grodecka,Gambia,1972-04-04
000000273,Melchior,Golański,Kolumbia,1990-07-05
000000274,Kazia,Laskowska,Wyspy Dziewicze-USA,1979-06-24
000000275,Teognost,Reszczyński,Haiti,2007-06-06
000000276,Eleonorka,Dubicka,Grenlandia,1974-05-10
000000277,Merkury,Niesłuchowski,Fidżi Republika,1963-04-29
000000278,Perla,Mossakowska,Niemcy,1972-12-12
000000279,Tryfon,Jagielski,Jemen,1983-06-13
000000280,Larysa,Jaworska,Suazi,2001-12-30
000000281,Achaz,Muszyński,Grecja,1957-06-28
000000282,Regina,Skłodowska,Curaçao,2006-06-11
000000283,Manfred,Politowski,Filipiny,1979-09-19
000000284,Jagoda,Wiśniewska,Tajlandia,2001-07-03
000000285,Paulin,Kosiński,Wielka Brytania,1996-08-11
000000286,Edzia,Wiercińska,Wielka Brytania,2009-07-29
000000287,Kuba,Pstrowski,Luksemburg,2002-01-19
000000288,Zelda,Noakowska,Bermudy,2011-09-01
000000289,Menachem,Świętochowski,Majotta,1984-12-28
000000290,Filomena,Regulska,Laos,1954-03-03
000000291,Józeczek,Jeziorski,Kirgistan,1955-02-17
000000292,Marcela,Makulska,Libia,1981-04-07
000000293,Dzierżysław,Wardzyński,Słowacja,1981-01-01
000000294,Ludmiła,Makowska,Afganistan,2011-07-13
000000295,Ludvig,Wybicki,Afganistan,1965-02-19
000000296,Oliwia,Dobrzyńska,Belize,1974-08-02
000000297,Iruś,Zaorski,Gwinea,1953-09-08
000000298,Pelagia,Taszycka,Bułgaria,1984-12-18
000000299,Longinus,Żmijewski,Portugalia,1955-01-06
000000300,Bożenna,Gołaszewska,Norwegia,1976-09-07
000000301,Leporello,Kieszkowski,Czarnogóra,1970-06-16
000000302,Budzisława,Drewnowska,Grenada,1990-08-28
000000303,Lolo,Komornicki,Boliwia,1950-05-16
000000304,Ulcia,Izdebska,Niderlandy,1952-09-01
000000305,Charon,Gajewski,Litwa,2008-03-27
000000306,Małka,Kraszewska,Nowa Zelandia,1981-07-07
000000307,Issachar,Przewalski,Panama,1950-06-14
000000308,Wirginia,Modrzewska,Belize,1951-08-04
000000309,Czesiek,Karpiński,Kosowo,1985-03-24
000000310,Sędzisława,Fijałkowska,Montserrat,1978-03-10
000000311,Michaś,Biernacki,Wyspy Turks i Caicos,1984-01-28
000000312,Kinia,Jabłońska,Koreańska Republika Ludowo-Demokratyczna,1977-04-26
000000313,Tomcio,Dorywalski,Tanzania,2002-06-24
000000314,Esperanca,Żabotyńska,Tajlandia,1971-12-25
000000315,Siemisław,Wełnicki,Meksyk,1973-06-26
000000316,Adelka,Kłosowska,Gabon,1994-04-30
000000317,Janosik,Zalewski,Macedonia,1980-01-21
000000318,Ryszarda,Ostrowska,Armenia,1974-01-16
000000319,Dolek,Gosławski,Finlandia,2003-02-14
000000320,Sonia,Kędzierska,Papua Nowa Gwinea,1982-12-04
000000321,Ulryk,Bączkowski,Chorwacja,1967-12-11
000000322,Walusia,Gutkowska,Wyspy Dziewicze-USA,1985-04-18
000000323,Frumencjusz,Barcikowski,Armenia,2010-06-19
000000324,Lusia,Kaczanowska,Rosja,1966-01-20
000000325,Dyzma,Prażmowski,Wschodni Timor,2005-09-21
000000326,Edzia,Olszańska,Tunezja,1972-01-22
000000327,Romulus,Truszczyński,Dominika,1962-11-09
000000328,Krzesisława,Zaleska,Egipt,1956-09-08
000000329,Telesfor,Przyborowski,Angola,1984-10-17
000000330,Milada,Górzyńska,Dominikana,1993-08-05
000000331,Cieszymysł,Terlecki,Kiribati,2012-09-06
000000332,Petronelka,Pawlikowska,Ukraina,1981-05-16
000000333,Michaś,Piechocki,Bermudy,1990-06-15
000000334,Ludwisia,Mieczkowska,Burundi,1950-02-24
000000335,Lojzeczek,Dymowski,Australia,1993-09-14
000000336,Brygidka,Janowska,Czarnogóra,2010-08-20
000000337,Miligost,Marcinkowski,Mali,1969-04-30
000000338,Maryśka,Fabiszewska,Mali,1958-08-22
000000339,Januariusz,Burakowski,Gwinea Równikowa,1996-12-30
000000340,Emilka,Leśniewska,Mongolia,1976-10-14
000000341,Edmund,Działoszyński,Tokelau,1961-09-14
000000342,Staszka,Nawrocka,Andora,1963-10-20
000000343,Zdenek,Bilski,Togo,1960-09-15
000000344,Gabriela,Łazuka,Curaçao,1998-04-02
000000345,Emil,Grzegórzecki,Czarnogóra,1968-03-05
000000346,Stefka,Zawistowska,Wyspa Bouveta,2005-05-20
000000347,Zbroimir,Sarnowski,Barbados,1988-03-03
000000348,Oktawia,Przewłoka,Indonezja,1962-04-13
000000349,Joel,Szczepański,Trynidad i Tobago,1970-06-02
000000350,Marychna,Ostrowska,St.Kitts i Nevis,1955-03-31
000000351,Dziersław,Styczyński,Niue,1983-11-15
000000352,Terenia,Przybyszewska,Indie,1997-11-21
000000353,Hugon,Szańkowski,Wyb.Kości Słoniowej,1985-08-09
000000354,Dezyderia,Jarosińska,Wallis i Futuna,1981-02-13
000000355,Tutenchamon,Liszewski,Francja,1989-10-16
000000356,Małka,Szczepkowska,Peru,1982-04-14
000000357,Lubor,Kubalski,Litwa,2007-06-05
000000358,Bernardetta,Trzetrzelewska,Haiti,1974-02-15
000000359,Mohamed,Wojnarowski,Niderlandy,2001-10-31
000000360,Jaguśka,Życzyńska,Tunezja,1995-12-28
000000361,Argus,Czapliński,Dżibuti,1974-11-03
000000362,Salome,Makuszyńska,Guam,1978-05-15
000000363,Guliwer,Orliński,Sierra Leone,1990-03-08
000000364,Danaida,Rudnicka,Papua Nowa Gwinea,1983-05-03
000000365,Xawery,Ciszewski,Azerbejdżan,1984-06-04
000000366,Jarosława,Polańska,Sri Lanka,1998-07-08
000000367,Hendel,Fijałkowski,St.Vincent i Grenadyny,2002-04-28
000000368,Przemysława,Sokołowska,Japonia,1997-12-23
000000369,Fredek,Miedziński,Zjedn.Emiraty Arabskie,1950-12-10
000000370,Małgorzata,Jaskulska,Gwinea,1983-07-22
000000371,Aureliusz,Pułaski,Iran,1975-05-24
000000372,Tamara,Bogdańska,Nauru,1988-04-22
000000373,Annasz,Wieniawski,Kambodża,2011-08-15
000000374,Bernardetta,Hudyka,Niderlandy,1982-02-28
000000375,Szamir,Maliszewski,Watykan,1968-07-18
000000376,Ksenia,Dolińska,Gruzja,2008-08-04
000000377,Dobrociech,Konarski,Kamerun,1974-04-15
000000378,Gawła,Załęska,Kongo,1968-10-24
000000379,Samiusz,Głowacki,Samoa,1973-10-02
000000380,Roma,Świętochowska,Tokelau,1966-07-11
000000381,Karp,Molski,Słowenia,1976-01-18
000000382,Alfonsyna,Kosińska,Falklandy,1952-04-01
000000383,Jupiter,Kossowski,Tajlandia,1973-03-28
000000384,Adelina,Dąbkowska,Curaçao,1991-04-28
000000385,Ostap,Łuniewski,Nowa Zelandia,1982-03-06
000000386,Bolesława,Woszczyńska,Luksemburg,1973-10-21
000000387,Joseph,Ćwikliński,Zambia,1995-07-31
000000388,Laurentyna,Michałowska,Komory,1990-07-17
000000389,Chociemir,Wiłkomirski,Honduras,1985-10-18
000000390,Gallina,Księżopolska,Zjedn.Emiraty Arabskie,1959-01-25
000000391,Tadzio,Wierzyński,Peru,1992-01-24
000000392,Laurencja,Fijałkowska,Wyb.Kości Słoniowej,1953-05-14
000000393,Menelaos,Jaśkowski,Gwinea,1956-11-06
000000394,Nimfa,Jagielska,Suazi,1960-09-02
000000395,Radovan,Gojawiczyński,Paragwaj,2010-02-05
000000396,Sulamita,Morawska,Grecja,1986-02-12
000000397,Ireneusz,Klimaszewski,Majotta,1991-08-10
000000398,Golda,Myślińska,Mongolia,1999-09-19
000000399,Filip,Kulikowski,Malawi,1960-12-04
000000400,Jula,Gadomska,Gibraltar,1952-03-04
000000401,Gustaw,Ciszewski,Litwa,1971-01-13
000000402,Flora,Przewłoka,Gruzja,1955-09-11
000000403,Bożysław,Bocheński,Irlandia,1967-02-11
000000404,Maryna,Mostowska,Wyspy Turks i Caicos,1970-12-13
000000405,Arnosz,Szablowski,Sierra Leone,1954-10-04
000000406,Rega,Balicka,Czarnogóra,2009-02-21
000000407,Dobrociech,Strawiński,Pitcairn,1980-08-26
000000408,Paulinka,Bugajska,Saint Barthelemy,1975-02-15
000000409,Teodoryk,Kukliński,Estonia,1996-07-29
000000410,Mnemosyne,Laskowska,Wietnam,1990-05-18
000000411,Miron,Łukaszewski,Samoa Amerykańskie,1983-09-10
000000412,Ilza,Łopuszańska,Mołdowa,1986-10-14
000000413,Arystoteles,Sobański,Sierra Leone,1997-03-16
000000414,Martyna,Życińska,Fidżi Republika,2004-09-30
000000415,Wrócisław,Duszyński,Armenia,1963-04-05
000000416,Wacława,Czyżewska,Lesotho,1959-12-27
000000417,Fryderyczek,Działyński,Watykan,2006-12-16
000000418,Nefretete,Radziejewska,Zjedn.Emiraty Arabskie,1980-02-16
000000419,Wrocisław,Jaskulski,Gambia,2009-08-14
000000420,Anula,Kociszewska,Liechtenstein,1960-02-11
000000421,Izajasz,Kamieński,Senegal,1983-06-28
000000422,Wiktoryna,Boczkowska,Sri Lanka,1993-12-18
000000423,Dobrowój,Gacki,Bahrajn,1956-10-31
000000424,Ita,Szpakowska,Nauru,2002-12-15
000000425,Aleksander,Wysocki,Erytrea,1955-04-18
000000426,Niobe,Gajowianka,Trynidad i Tobago,2004-05-25
000000427,Erazm,Nowiński,Kolumbia,1994-09-26
000000428,Hala,Izdebska,Jordania,1980-03-09
000000429,Zdzisio,Sumiński,Singapur,1982-02-02
000000430,Małgorzatka,Wilińska,Argentyna,1960-10-16
000000431,Rodrigues,Rybiński,Słowacja,1980-04-13
000000432,Benigna,Żółkiewska,Bangladesz,1961-09-30
000000433,Rościgniew,Czachowski,Kirgistan,2007-01-14
000000434,Beatrycze,Andrzejewska,Maroko,1953-10-07
000000435,Spytko,Łaski,Botswana,2000-11-26
000000436,Mercedes,Kosińska,Izrael,1969-10-06
000000437,Ernestyn,Bieńkowski,Słowenia,1951-05-01
000000438,Danuta,Chmielowska,Sierra Leone,1980-07-07
000000439,Elek,Dybowski,Nauru,1966-11-14
000000440,Karina,Wolińska,Indie,1969-09-08
000000441,Lubosza,Wysokiński,Gujana,2010-11-07
000000442,Lukrecja,Rapacka,Botswana,2004-06-13
000000443,Rainer,Poświatowski,Singapur,1952-03-14
000000444,Marylenka,Dudzińska,Kambodża,1994-09-24
000000445,Georgij,Namysłowski,Słowacja,1963-09-21
000000446,Tylda,Kossakowska,Słowacja,1997-08-09
000000447,Chociemir,Potocki,Malawi,1984-05-09
000000448,Elina,Napierska,Rosja,2011-06-29
000000449,Fabrycjan,Trzaskowski,Mołdowa,1977-01-04
000000450,Marianna,Lewicka,Sierra Leone,1951-05-10
000000451,Szaweł,Orzechowski,Łotwa,1959-09-16
000000452,Adela,Ciechomska,Mozambik,1984-03-03
000000453,Lubogost,Żurowski,Bhutan,1972-01-09
000000454,Ita,Cieślińska,Austria,1986-03-06
000000455,Milan,Szarowski,Czarnogóra,1968-12-25
000000456,Gizela,Gąsowska,Mali,1969-10-23
000000457,Minos,Pilarski,St. Pierre i Miquelon,1989-09-03
000000458,Walercia,Modzelewska,Białoruś,1966-01-24
000000459,Arek,Walczyński,Dżibuti,1976-02-08
000000460,Mirosława,Opalińska,Belize,1967-02-02
000000461,Baal,Leśnowolski,Namibia,1968-01-26
000000462,Hipolita,Czarnecka,Botswana,2012-06-26
000000463,Benuś,Grabiński,Dominikana,2010-05-14
000000464,Amalia,Grzegórzecka,Mongolia,1958-04-04
000000465,Sądomir,Boguszewski,Węgry,1958-05-14
000000466,Domicela,Rychlewska,Togo,2012-04-06
000000467,Asteriusz,Sakowski,Meksyk,2011-01-12
000000468,Tala,Mijakowska,Mauretania,1999-04-02
000000469,Polikarp,Czajkowski,Polinezja Francuska,1972-07-11
000000470,Irma,Włodkowska,Bangladesz,1960-09-14
000000471,Owidiusz,Pilarski,Kirgistan,2010-07-31
000000472,Zygfryda,Dobrowolska,Tunezja,2000-01-30
000000473,Siemisław,Paciorkowski,Botswana,1957-06-26
000000474,Marylenka,Moszczyńska,Nikaragua,1985-10-30
000000475,Racibor,Kozłowski,Bahamy,1973-07-20
000000476,Jagusia,Konarska,Nepal,2010-07-22
000000477,Robercik,Bobrzyński,Czarnogóra,1995-10-06
000000478,Innocenta,Ochojska,Burundi,2009-06-20
000000479,Herakles,Różycki,Święta Helena,1951-09-03
000000480,Dorota,Rybczyńska,Republika Czeska,1965-10-11
000000481,Walerian,Strzeboński,Nowa Zelandia,1970-09-26
000000482,Epistemia,Kozłowska,Afganistan,2007-01-10
000000483,Ilja,Mieroszewski,Kolumbia,1991-08-18
000000484,Zuzia,Seroczyńska,Indonezja,1965-02-28
000000485,Achab,Kaliszewski,Kazachstan,1955-12-31
000000486,Jagunia,Sławińska,Gwatemala,2007-08-12
000000487,Arnosz,Kosecki,Mariany Północne,1996-10-04
000000488,Elżunia,Rakowiecka,Rumunia,1952-01-07
000000489,Lolek,Ratyński,Chile,1953-05-10
000000490,Marynka,Matkowska,Tadżykistan,2005-04-01
000000491,Liberat,Długoszowski,Malezja,1995-01-01
000000492,Fila,Szczepańska,Tokelau,1991-06-10
000000493,Ambrozik,Lipski,Uganda,1986-12-16
000000494,Honoratka,Gruszka,Kazachstan,2007-05-03
000000495,Jureczek,Gorki,Watykan,2002-03-29
000000496,Artemida,Rurka,Algieria,1954-05-15
000000497,Henryk,Turski,Kuwejt,2005-10-03
000000498,Renatka,Zarzycka,Angola,1986-10-21
000000499,Domarat,Kowalewski,Nepal,1981-02-03
000000500,Zefira,Grudzińska,Salwador,1972-03-13
000000501,Dobronieg,Zajkowski,Pitcairn,1986-02-10
000000502,Huberta,Cichocka,Filipiny,1999-07-24
000000503,Ludosław,Ciborowski,Chorwacja,2010-11-08
000000504,Anka,Śmietańska,Islandia,1991-10-12
000000505,Jochebed,Pijanowski,Chiny,1993-12-10
000000506,Mania,Zarębska,Wallis i Futuna,2002-09-12
000000507,Ikar,Bielecki,Namibia,1984-03-23
000000508,Chawa,Fijałkowska,Turkmenistan,1952-02-25
000000509,Wojtek,Pawelski,Mauritius,1959-03-03
000000510,Fausta,Wojciechowska,Liban,2008-10-03
000000511,Boluś,Abramowski,Belgia,1957-06-18
000000512,Nauma,Gałczyńska,Finlandia,1983-03-15
000000513,Joszua,Trawiński,Namibia,1978-10-24
000000514,Lusia,Pieńkowska,Sri Lanka,1990-12-10
000000515,Bazylis,Niżyński,Senegal,1970-09-06
000000516,Różyczka,Janicka,Tokelau,2000-03-06
000000517,Maurycy,Grabski,Republika Korei,1996-05-15
000000518,Sandra,Wojnarowska,Barbados,1999-06-28
000000519,Carl,Jodłowski,Zielony Przylądek,1976-10-24
000000520,Pia,Sroczyńska,Belize,1971-08-25
000000521,Pankracy,Janowski,Finlandia,1974-08-27
000000522,Karen,Więcławska,Łotwa,1954-06-08
000000523,Wicio,Szupryczyński,Honduras,2000-10-15
000000524,Danusia,Kłosowska,Norfolk,1980-03-08
000000525,Wiesiek,Chojnacki,Węgry,1961-03-13
000000526,Alberta,Konwicka,Gambia,1994-08-05
000000527,Łukasz,Rodakowski,Malawi,1951-09-14
000000528,Demetra,Trembecka,Ukraina,2008-07-10
000000529,Bogdanek,Skawski,Nepal,1964-01-14
000000530,Gosia,Chudzyńska,Mali,1966-06-20
000000531,Dominiczek,Stawski,Meksyk,1979-10-30
000000532,Zenaida,Wawryka,Aruba,1985-03-19
000000533,Wilibald,Nadolski,Armenia,1978-07-06
000000534,Iwonna,Skubalanka,Haiti,1984-03-29
000000535,Częstowoj,Wierzchowski,Rep.Połud.Afryki,1971-09-30
000000536,Alojza,Zdrojewska,St. Pierre i Miquelon,2003-06-12
000000537,Ozyrys,Baczewski,Tadżykistan,1997-06-05
000000538,Ciechosława,Świetlicka,Finlandia,2011-07-18
000000539,Teofil,Pawelski,Zielony Przylądek,2002-12-12
000000540,Kordula,Kraszewska,Wyspy Dziewicze-USA,1958-01-24
000000541,Miłowan,Gruszecki,San Marino,1998-10-09
000000542,Freda,Żmichowska,Tadżykistan,1970-10-29
000000543,Poldzio,Staszewski,St.Vincent i Grenadyny,1975-08-27
000000544,Safona,Rudzińska,Chiny,1967-03-14
000000545,Nepomucen,Krasiński,Armenia,1993-05-23
000000546,Celestyna,Zabielska,Białoruś,1992-11-28
000000547,Prymus,Grabowski,Senegal,1951-01-06
000000548,Werońcia,Kalabińska,Nigeria,1953-11-29
000000549,Ildefons,Budziszewski,Okupowane Terytorium Palestyny,1964-07-18
000000550,Wera,Jarzębska,Nepal,1977-09-28
000000551,Elkana,Szablowski,Dżibuti,2011-02-26
000000552,Jaguśka,Wodzińska,Republika Czeska,1993-09-12
000000553,Rupert,Celiński,Namibia,1988-09-08
000000554,Lukrecja,Sobieska,Gambia,1956-03-24
000000555,Zbynio,Chmielnicki,Bułgaria,1971-10-02
000000556,Adolfina,Chrostowska,Białoruś,1957-03-22
000000557,Agamemnon,Szujski,Wyspy Turks i Caicos,1973-09-04
000000558,Truda,Zwierzchowska,Macedonia,1990-04-22
000000559,Robercik,Burakowski,Dominikana,1951-03-26
000000560,Wszemiła,Krupińska,Bonaire,1967-04-08
000000561,Matuzalem,Rapacki,Tajlandia,1961-05-24
000000562,Dobiesława,Budzińska,Erytrea,2007-02-21
000000563,Placyd,Maziarski,Rumunia,1966-03-16
000000564,Wiktusia,Janiszewska,Tonga,2002-10-09
000000565,Ares,Długopolski,Estonia,1956-07-29
000000566,Kasia,Markowska,Wallis i Futuna,1978-08-23
000000567,Dorek,Kulczyński,Gwinea,1961-01-16
000000568,Honoryna,Wierzejska,Gwinea-Bissau,2008-02-01
000000569,Sławosz,Chodowiecki,Trynidad i Tobago,1996-01-01
000000570,Nika,Kułakowska,Lesotho,1950-01-11
000000571,Czaruś,Koliński,St.Lucia,1998-03-20
000000572,Poldka,Sadowska,Togo,1989-11-21
000000573,Bruno,Bałucki,St.Lucia,1953-04-28
000000574,Klara,Lipińska,Gwinea Równikowa,1958-05-09
000000575,Kazko,Krzesiński,Kamerun,1972-01-10
000000576,Fausta,Olechowska,Słowenia,2011-12-19
000000577,Günter,Kaczkowski,Etiopia,1982-03-01
000000578,Leoncja,Witka,Portugalia,2006-12-29
000000579,Tychon,Nadolski,Portugalia,1950-07-30
000000580,Marina,Wilczewska,Trynidad i Tobago,1971-06-18
000000581,Gutkind,Stanisławski,Malta,1990-04-19
000000582,Rene,Możdżyńska,Rosja,1990-11-24
000000583,Eluś,Malczewski,Etiopia,1990-08-19
000000584,Agunia,Słodkowska,Urugwaj,2009-02-12
000000585,Gabriel,Grębowski,Erytrea,1969-09-28
000000586,Rafaela,Rosińska,Islandia,1966-05-15
000000587,Pabian,Skrzynecki,Republika Korei,1963-04-26
000000588,Juliana,Modrzejewska,Nepal,1989-06-15
000000589,Wergiliusz,Skorulski,Niemcy,1990-01-02
000000590,Halina,Michalska,Czarnogóra,1980-08-06
000000591,Salezy,Szapołowski,Salwador,1996-04-04
000000592,Asteria,Stachowska,Malawi,1952-03-27
000000593,Amnon,Miciński,Luksemburg,2011-12-09
000000594,Jerosława,Ptasińska,Jamajka,2004-04-09
000000595,Mauryn,Świerczewski,Barbados,1976-05-09
000000596,Paula,Murańka,Burkina Faso,1998-10-13
000000597,Godfryd,Gorki,Erytrea,1985-04-12
000000598,Danusia,Kajka,Lesotho,1964-04-06
000000599,Ambrożek,Rudkowski,Mołdowa,1995-09-11
000000600,Lonia,Grochowska,Mongolia,1961-03-16
000000601,Roland,Pawlikowski,Malezja,1957-06-02
000000602,Minerwa,Krzaklewska,Mauretania,1984-08-20
000000603,Ludomir,Walewski,Tajlandia,1973-02-25
000000604,Luiza,Disnejowska,Bangladesz,1980-07-29
000000605,Pimen,Różański,Rosja,1986-04-16
000000606,Felcia,Markowska,Jamajka,1984-06-26
000000607,Arkady,Krupiński,Tokelau,1961-07-11
000000608,Wela,Ługowska,Algieria,2003-02-28
000000609,Stefan,Machowski,Nauru,1982-11-27
000000610,Bazylisa,Zdanowska,Irlandia,1989-08-17
000000611,Kefas,Grodecki,Madagaskar,1976-07-22
000000612,Ruta,Dulębianka,Gujana,1989-07-02
000000613,Arystofanes,Majakowski,Japonia,1991-10-30
000000614,Żaklinka,Januszewska,Mauritius,1998-11-20
000000615,Aleksiej,Żukowski,Rwanda,1986-06-30
000000616,Boguchwała,Biegańska,Kongo,1965-09-23
000000617,Stratonik,Szarowski,Norfolk,2006-06-22
000000618,Marlena,Januszewska,Vanuatu,2012-10-01
000000619,Ninomysł,Stojałowski,Aruba,1988-09-15
000000620,Olga,Ligęzka,Bhutan,1955-04-03
000000621,Bazyli,Piekarski,Kuba,1999-10-25
000000622,Bolesława,Święcicka,Nauru,1988-09-02
000000623,Krak,Fronczewski,Brazylia,1958-11-22
000000624,Amelka,Staniszewska,Senegal,1972-11-30
000000625,Zeflik,Trzciński,Hongkong,1994-05-19
000000626,Simona,Zaniewska,Brunei Darussalam,2003-09-18
000000627,Walery,Zarzycki,Rosja,1995-11-17
000000628,Augustynka,Mieszkowska,Wyspy Dziewicze-W.B,1951-02-27
000000629,Afanazy,Mieroszewski,Zambia,1967-12-17
000000630,Weronka,Rapaczyńska,Samoa,1989-02-07
000000631,Dobrociech,Makowiecki,Jemen,1966-03-26
000000632,Weronika,Makuszyńska,Armenia,2004-05-02
000000633,Szaweł,Maliszewski,Czarnogóra,1966-12-29
000000634,Gabi,Ostrowska,Indie,1973-01-19
000000635,Jaśko,Ciechomski,Wyspy Turks i Caicos,1978-09-03
000000636,Domicela,Kochańska,Ekwador,1963-05-19
000000637,Staszek,Kaliszewski,Ekwador,1971-03-25
000000638,Alina,Cegielska,Armenia,1980-12-20
000000639,Klement,Trocki,Dominika,1986-10-29
000000640,Dominisia,Radzimirska,Gujana,1952-01-16
000000641,Floryn,Długoszowski,Togo,1950-01-04
000000642,Sierosława,Słowacka,Indonezja,1979-02-09
000000643,Dyzma,Gałoński,Irak,1953-06-09
000000644,Liliana,Wyrzykowska,Tuvalu,2009-02-06
000000645,Kirył,Wielopolski,Estonia,1984-07-13
000000646,Afrodyta,Bilińska,Zimbabwe,1978-05-15
000000647,Bogdanek,Brzeziński,Filipiny,2009-12-14
000000648,Fila,Choińska,Kostaryka,2002-11-08
000000649,Fabrycjan,Bratkowski,Łotwa,1955-09-09
000000650,Lilka,Jaruzelska,Kuba,1958-02-07
000000651,Chwalisław,Jarzyński,Norfolk,1954-12-06
000000652,Polunia,Grzegórzecka,Salwador,2000-10-09
000000653,August,Szczygielski,Bahrajn,1964-10-19
000000654,Danaida,Szczepkowska,Gujana,1982-06-29
000000655,Bronimir,Starzyński,Liberia,1954-08-04
000000656,Marcjanna,Koprowska,Zielony Przylądek,1953-05-14
000000657,Wrocisław,Pluciński,Wyspy Dziewicze-USA,1963-01-02
000000658,Irma,Rogowska,Indie,2004-08-14
000000659,Otek,Hautamaeki,Ghana,1963-05-01
000000660,Helenka,Czechowska,Mauritius,2007-12-01
000000661,Naftali,Kościelski,Bermudy,1977-08-28
000000662,Dolores,Kaszyńska,Algieria,2010-09-18
000000663,Robuś,Mroziński,Palau,1957-05-17
000000664,Polcia,Sosnówka,Zielony Przylądek,1973-10-06
000000665,Broneczek,Burzyński,Senegal,2011-06-16
000000666,Samuela,Niewiadomska,Gruzja,1969-06-28
000000667,Masław,Brodowski,Maroko,1991-01-04
000000668,Karmen,Kalabińska,Dżibuti,1961-03-16
000000669,Racimir,Paprocki,Malta,1950-10-05
000000670,Tosia,Kępczyńska,Tonga,1978-08-19
000000671,Pamfił,Radzimirski,Nauru,1988-09-10
000000672,Mirisława,Gacka,Bahamy,2006-11-30
000000673,Szwieciech,Winnicki,Wielka Brytania,1976-02-20
000000674,Trudka,Raczkowska,Uzbekistan,1957-11-16
000000675,Olgierdzik,Smoliński,Gwinea Równikowa,1996-03-07
000000676,Tereska,Miedzińska,Somalia,1978-05-28
000000677,Ulisses,Paszkowski,Mali,1965-01-14
000000678,Epifania,Markowska,Dominika,2003-11-21
000000679,Plutarch,Sosnowski,Bułgaria,1997-07-15
000000680,Domka,Wydrzyńska,Afganistan,1985-11-18
000000681,Kilian,Lemański,Angola,1982-08-21
000000682,Oswalda,Romaszewska,Rep.Połud.Afryki,1998-05-25
000000683,Doluś,Koperski,Grenada,1987-06-13
000000684,Beatrycze,Niesłuchowska,Nauru,1972-02-27
000000685,Kilian,Trojanowski,Azerbejdżan,1962-01-26
000000686,Bartolomea,Napiórkowska,Burkina Faso,1959-04-22
000000687,Florenty,Soliński,Tonga,2009-06-08
000000688,Berta,Przybyszewska,Stany Zjedn. Ameryki,1981-10-23
000000689,Stanimir,Włodkowski,Gruzja,1969-04-15
000000690,Pęcisława,Urbańska,Chiny,1967-05-11
000000691,Malachiasz,Zawieyski,Mariany Północne,1960-07-21
000000692,Klocia,Olszewska,Grecja,1983-01-25
000000693,Andrzej,Bartoszewski,Zimbabwe,2006-08-20
000000694,Basia,Lipka,Ukraina,2008-08-15
000000695,Ulryk,Barszczewski,Myanmar (Burma),1993-03-25
000000696,Petronela,Rapacka,Jamajka,2006-05-17
000000697,Lubosza,Walczyński,Indonezja,1988-12-08
000000698,Mironiega,Wąsowska,Grenada,1971-12-21
000000699,Krzysiek,Kruszewski,Sri Lanka,1991-01-18
000000700,Flawia,Wilczewska,Wallis i Futuna,1973-01-13
000000701,Diomedes,Górczyński,Sierra Leone,1962-04-24
000000702,Charybda,Pijanowska,Tajwan,1977-05-21
000000703,Rajmundek,Kozłowski,Czarnogóra,1967-07-18
000000704,Romualda,Adamczewska,Pitcairn,1980-07-12
000000705,Uzjasz,Kieszkowski,Francja,1970-09-12
000000706,Czcibora,Znaniecka,Liechtenstein,1969-03-24
000000707,Ignacek,Moczydłowski,Kuba,1961-06-13
000000708,Neonila,Osóbka,Gabon,1966-04-26
000000709,Tolek,Rodakowski,Zjedn.Emiraty Arabskie,1968-10-23
000000710,Safona,Kociszewska,Serbia,2002-09-27
000000711,Epifani,Miciński,Gambia,1967-07-23
000000712,Epifania,Wichrowska,Aruba,1961-04-24
000000713,Stratonik,Radzikowski,Węgry,1994-07-30
000000714,Carmen,Kawczyńska,Papua Nowa Gwinea,1979-12-17
000000715,Bronek,Trojanowski,Tadżykistan,1973-04-18
000000716,Eudoksja,Mrowińska,Japonia,2002-08-11
000000717,Domasław,Przybyszewski,Afganistan,1995-12-03
000000718,Izunia,Kajka,Senegal,1977-02-01
000000719,Christopher,Lanckoroński,Boliwia,2002-10-24
000000720,Włościsława,Sroka,Nowa Kaledonia,1993-06-28
000000721,Żegota,Krzeptowski,Kenia,2003-10-17
000000722,Tyrca,Pietrzykowska,Wyspy Turks i Caicos,2007-10-27
000000723,Louis,Więckowski,Liban,2011-10-18
000000724,Lucja,Buraczyńska,Belize,1972-03-11
000000725,Zerubabel,Kaniewski,Etiopia,1950-11-13
000000726,Julietta,Rapacka,Gwatemala,1977-03-25
000000727,Dawid,Niżyński,Włochy,1969-06-05
000000728,Aurora,Starczewska,Estonia,1972-09-09
000000729,Sławomir,Tomaszewski,Gibraltar,2003-01-15
000000730,Paulinka,Niedźwiecka,Święta Helena,1984-11-07
000000731,Straton,Budziszewski,Gruzja,1965-06-09
000000732,Arletta,Kaczanowska,Rep.Środkowoafryańska,1995-10-08
000000733,Włodziwoj,Kulikowski,Tuvalu,1989-04-21
000000734,Minodora,Staniszewska,Szwajcaria,2007-05-25
000000735,Salwiusz,Sadkowski,Saint Barthelemy,1966-10-20
000000736,Olimpia,Zawadka,Niger,1999-08-24
000000737,Stanimir,Godebski,Kajmany,1967-05-17
000000738,Debora,Włodarska,Syria,1961-02-23
000000739,Fabrycy,Cackowski,Wyspy Cooka,1989-02-01
000000740,Polcia,Cegielska,Gruzja,1998-04-09
000000741,Dagon,Hański,Malediwy,1962-03-30
000000742,Karusia,Wasilewska,Gruzja,1954-02-06
000000743,Gwalbert,Iwański,Ukraina,1968-08-04
000000744,Wiktoria,Zdrojewska,Gwinea-Bissau,1991-09-13
000000745,Benignus,Nosowski,Austria,1985-05-26
000000746,Kleopatra,Okońska,Maroko,2012-08-15
000000747,Orfeusz,Dworakowski,Arabia Saudyjska,1966-09-04
000000748,Olga,Świerczyńska,Ceuta,1990-12-18
000000749,Aaron,Wiszniewski,Wyspy Turks i Caicos,1998-08-08
000000750,Klarysa,Sobocińska,Somalia,1985-09-04
000000751,Leonek,Janowski,Suazi,1993-12-29
000000752,Lucja,Brzozowska,Benin,1990-10-06
000000753,Wespazjan,Więckowski,Albania,1981-01-15
000000754,Daniela,Waliszewska,Gibraltar,2004-05-31
000000755,Herman,Bedyński,Barbados,2001-04-06
000000756,Imisława,Tańska,Afganistan,1995-11-12
000000757,Oleczek,Moszczyński,Mauritius,1981-10-02
000000758,Roksana,Pawlikowska,Makau,1963-01-15
000000759,Sylwin,Rostworowski,Fidżi Republika,1989-08-13
000000760,Kasieńka,Kułakowska,Irlandia,2004-01-16
000000761,Witołd,Januszewski,Palau,2006-12-09
000000762,Klemencja,Kleniewska,Tajwan,1991-02-11
000000763,Broniwoj,Kotulski,Madagaskar,1975-01-05
000000764,Syjona,Burakowska,Andora,1970-07-10
000000765,Maniek,Korzeniewski,Sahara Zachodnia,1962-05-28
000000766,Blanka,Lutosławska,Iran,1973-04-12
000000767,Apoloniusz,Skarżyński,Aruba,1984-09-16
000000768,Lilia,Olkowska,Australia,1980-03-14
000000769,Kastor,Wodziński,Japonia,1995-03-01
000000770,Fryda,Ptaszyńska,Katar,1978-01-14
000000771,Romeczek,Makulski,Mongolia,1960-05-09
000000772,Renia,Auderska,Portugalia,1995-10-18
000000773,Aleksander,Ossoliński,Wyspy Turks i Caicos,1960-06-13
000000774,Leona,Różańska,Hiszpania,1964-09-16
000000775,Prospero,Osnowski,Sahara Zachodnia,1952-12-05
000000776,Izyda,Sałacińska,Tanzania,2001-01-03
000000777,Laokoon,Mostowski,St.Lucia,1987-05-22
000000778,Irena,Wierzyńska,Niue,1985-05-19
000000779,Jaropełk,Gruszczyński,Izrael,1995-10-02
000000780,Anusia,Czarkowska,Ukraina,1966-04-22
000000781,Nosisław,Sarnowski,Stany Zjedn. Ameryki,1975-02-16
000000782,Liwia,Łuniewska,Mariany Północne,1971-04-10
000000783,Wenanty,Sowiński,Filipiny,1982-12-31
000000784,Adelina,Kotulska,Okupowane Terytorium Palestyny,1980-02-24
000000785,Jul,Skrzynecki,Azerbejdżan,1965-09-29
000000786,Dobrosława,Maciejewska,Bośnia i Hercegowina,1957-01-30
000000787,Abaris,Miedziński,Niger,1997-02-11
000000788,Wyszesława,Wojtkowska,Mauritius,2007-12-02
000000789,Kordian,Kozłowski,Kanada,1997-03-30
000000790,Sławka,Brodowska,Surinam,2011-03-24
000000791,Arseniusz,Namysłowski,Indie,1979-12-20
000000792,Żanecia,Wardzyńska,Gwinea Równikowa,1973-05-12
000000793,piotruś,Borowski,Samoa Amerykańskie,1967-05-19
000000794,Sofia,Stryjkowska,Aruba,1991-04-01
000000795,Werter,Dostojewski,Szwajcaria,1996-09-14
000000796,Klaudynka,Siwińska,Haiti,1951-02-18
000000797,Mojżesz,Badowski,Pitcairn,1998-02-28
000000798,Leosia,Romaszewska,Ceuta,2011-10-07
000000799,Miron,Szablewski,Brazylia,1975-04-12
000000800,Celinka,Gawłowska,Liberia,1967-10-17
000000801,Jim,Krasuski,Wyspa Bożego Narodzenia,1968-08-27
000000802,Rudolfina,Baczyńska,Chorwacja,1952-11-28
000000803,Uranos,Mieczkowski,Saint Barthelemy,2003-05-31
000000804,Albertyna,Kafka,Dania,2004-11-23
000000805,Icek,Bilski,Zjedn.Emiraty Arabskie,1953-07-23
000000806,Krystynka,Madalińska,Brazylia,1974-01-04
000000807,Jowisz,Olbrychski,Syria,1953-12-01
000000808,Iris,Szafrańska,Turcja,1952-11-11
000000809,Damokles,Parnicki,Panama,2001-09-03
000000810,Karolinka,Przewalska,Bośnia i Hercegowina,1980-04-05
000000811,Maksymek,Prażmowski,Nikaragua,1956-06-30
000000812,Nora,Czachowska,San Marino,2005-02-25
000000813,Tolimir,Łukaczyński,Lesotho,1996-12-18
000000814,Walusia,Głowacka,Albania,1989-06-21
000000815,Żelisław,Kiełczewski,Bośnia i Hercegowina,2004-03-18
000000816,Włodzisława,Murańka,Mołdowa,1970-03-01
000000817,Staś,Szupryczyński,Zimbabwe,1980-12-19
000000818,Jakobina,Disnejowska,Indonezja,1998-02-22
000000819,Andriej,Gucwiński,Bahamy,1995-08-19
000000820,Leda,Wieczorkowska,Malawi,1976-07-12
000000821,Teobald,Hański,Guam,1982-10-24
000000822,Żaklina,Milczanowska,Majotta,1957-11-11
000000823,Maniuś,Opaliński,Etiopia,1977-01-25
000000824,Marina,Kaszyńska,Burundi,2003-08-24
000000825,Pantaleon,Kamieński,Samoa Amerykańskie,1968-09-05
000000826,Adela,Jakubowska,Wyspy Turks i Caicos,1951-06-29
000000827,Bert,Pietrzykowski,Afganistan,1970-05-05
000000828,Lolita,Sroczyńska,Erytrea,1972-04-21
000000829,Dezydery,Mieszkowski,St. Pierre i Miquelon,1972-07-15
000000830,Ilia,Zielonka,Cypr,2008-09-03
000000831,Teofrast,Słodkowski,Belize,1967-04-07
000000832,Krystyna,Łopuszańska,Wyb.Kości Słoniowej,2008-07-18
000000833,Andonik,Boniecki,Seszele,2011-09-02
000000834,Jasia,Ochocińska,Liechtenstein,1957-09-05
000000835,Radogost,Gosławski,Gwinea,1997-11-23
000000836,Gloria,Witka,Mariany Północne,1954-03-02
000000837,Naum,Modrzewski,Słowenia,1955-11-17
000000838,Iwonka,Stępniewska,Meksyk,1993-02-22
000000839,Rajmundzik,Dembopolski,Barbados,1985-09-17
000000840,Ścibora,Towiańska,Chorwacja,1966-02-08
000000841,Dzierżysław,Włodarski,Wyspy Dziewicze-USA,1958-03-27
000000842,Uleńka,Maruszewska,Sahara Zachodnia,1950-05-08
000000843,Winnetou,Osowski,Paragwaj,1969-12-13
000000844,Pelagia,Karpińska,Oman,1993-05-04
000000845,Ammon,Krajewski,Seszele,1993-08-26
000000846,Otylka,Matuszewska,Nigeria,1989-02-18
000000847,Witosz,Boguszewski,Tajwan,1962-11-08
000000848,Sabcia,Ługowska,Polska,1980-12-20
000000849,Franciszek,Bednarski,Finlandia,2000-01-05
000000850,Polonka,Mikołajska,Mauritius,1977-11-06
000000851,Andrzejek,Piasecki,Irak,1961-01-12
000000852,Dobiesława,Pruszyńska,Andora,1954-03-04
000000853,Cyprian,Zawieyski,Andora,1990-03-22
000000854,Elżbieta,Karasińska,Malediwy,1996-07-22
000000855,Filuś,Bedyński,Liechtenstein,1990-05-23
000000856,Stefcia,Wierzyńska,Burundi,2010-10-17
000000857,Cezariusz,Soliński,Burundi,1973-10-31
000000858,Świętomira,Kuśmierska,Słowacja,1986-12-24
000000859,Mundek,Ochojski,Gwinea-Bissau,1981-05-16
000000860,Elwira,Orzechowska,Palau,1998-12-30
000000861,Teonas,Karkowski,Belize,2003-10-06
000000862,Ewelina,Biegańska,Somalia,1971-06-25
000000863,Paulin,Borkowski,Pakistan,1983-11-13
000000864,Haneczka,Różańska,Bhutan,1962-01-21
000000865,Jaskołd,Kułakowski,Singapur,1984-10-11
000000866,Jola,Jaroszewska,Ekwador,1975-02-10
000000867,Adaukt,Waśniewski,Mali,1963-08-15
000000868,Beata,Małachowska,St.Lucia,2003-08-29
000000869,Nastuś,Ossoliński,Austria,1974-05-28
000000870,Ita,Radecka,Irak,1994-01-05
000000871,Osjan,Kaczorowski,Słowacja,1955-05-10
000000872,Tania,Małachowska,Algieria,1988-05-11
000000873,Eljakim,Świerczewski,Niger,1974-01-28
000000874,Dorka,Stawiarska,Malawi,1978-04-06
000000875,Danik,Siekierski,Wyb.Kości Słoniowej,1955-01-07
000000876,Ananke,Lesińska,Trynidad i Tobago,2009-05-04
000000877,Kwiryn,Rudziński,Majotta,1960-09-12
000000878,Danuśka,Maćkowska,Wietnam,2004-08-05
000000879,Dionizjusz,Dzikowski,Estonia,1984-12-11
000000880,Sońka,Gacka,St.Lucia,1979-08-09
000000881,Aza,Martuszewski,Gujana,1996-02-21
000000882,Maura,Możdżyńska,Malta,1965-04-05
000000883,Rufin,Wikiński,Irlandia,1980-07-03
000000884,Ida,Cendrowska,St.Lucia,1973-09-07
000000885,Adonai,Krupski,Boliwia,1994-11-08
000000886,Euzebia,Turkowska,Zimbabwe,1952-10-18
000000887,Bolemir,Łukasiński,Gwinea Równikowa,2009-09-20
000000888,Batszeba,Ziółkowska,Wyspa Bouveta,1951-02-21
000000889,Jonasz,Penderecki,Guam,1991-03-28
000000890,Helusia,Kubicka,Chiny,1982-05-19
000000891,Abaris,Budziński,Antarktyda,1997-12-20
000000892,Modesta,Kotowska,Rep.Połud.Afryki,1953-09-08
000000893,Dagobert,Dzikowski,Bangladesz,1961-04-14
000000894,Emma,Biegańska,Liberia,1995-08-14
000000895,Anicet,Królikowski,Turkmenistan,1999-01-29
000000896,Marynia,Jaranowska,Malediwy,2006-06-24
000000897,Eol,Łętowski,Kirgistan,1971-09-01
000000898,Cweta,Dembopolska,Islandia,1969-02-14
000000899,Natanael,Chrzanowski,Wyspy Turks i Caicos,2012-12-14
000000900,Seweryna,Wieczorkowska,Honduras,1975-03-07
000000901,Pesach,Andrzejewski,Niderlandy,2004-03-28
000000902,Olga,Bałucka,Grenlandia,1979-02-03
000000903,Argus,Szymański,Paragwaj,2010-07-16
000000904,Gienka,Duszyńska,Ceuta,1963-01-12
000000905,Cheops,Zaniewski,Gibraltar,1966-10-28
000000906,Geraldyna,Makowiecka,Kostaryka,1957-07-14
000000907,Bożebor,Bobrzyński,Hongkong,2008-09-06
000000908,Nemezis,Szyszkowska,Macedonia,1970-03-27
000000909,Filuś,Woszczyński,Bonaire,1999-11-10
000000910,Elwira,Szadkowska,Curaçao,1958-07-11
000000911,Pawełek,Wityński,Boliwia,2008-10-19
000000912,Eligia,Tymińska,Czarnogóra,2003-09-29
000000913,Filek,Błażejewski,Armenia,1959-12-18
000000914,Diana,Irzykowska,Watykan,1998-02-07
000000915,Christophe,Żabotyński,Sudan Południowy,2007-01-20
000000916,Kirke,Lipka,Rosja,1956-12-02
000000917,Agramant,Wiktorowski,Brunei Darussalam,1952-03-30
000000918,Batszeba,Okońska,Laos,1961-12-30
000000919,Jonatan,Rybiński,Samoa Amerykańskie,2008-06-19
000000920,Hertha,Turkowska,Mauretania,2004-10-19
000000921,Lolek,Oleśnicki,Hongkong,2003-02-02
000000922,Ala,Malewska,Komory,1995-10-30
000000923,Chryzant,Janczewski,Szwajcaria,1990-06-12
000000924,Melania,Kawczyńska,Oman,2007-06-12
000000925,Marcjal,Czerwiński,Włochy,2011-06-18
000000926,Magdalena,Dmowska,Szwecja,1952-12-13
000000927,Tyberiusz,Maciejewski,Tuvalu,1978-12-29
000000928,Trudzia,Wolińska,Czarnogóra,1986-12-10
000000929,Apollo,Jaskulski,Gwinea Równikowa,2010-01-21
000000930,Jozafata,Słomczyńska,Japonia,2001-09-25
000000931,Walery,Rzecki,Japonia,1999-10-03
000000932,Julita,Kamieńska,Maroko,2001-12-24
000000933,Izaak,Ossowski,Palau,1978-06-20
000000934,Leosia,Pijanowska,Mikronezja,1955-08-29
000000935,Borys,Dmowski,Grecja,1991-03-27
000000936,Herminia,Stryjeńska,Indonezja,1984-10-28
000000937,Milcjades,Pstrowski,Wyspa Bouveta,2009-12-10
000000938,Anusia,Mieroszewska,Mozambik,1960-11-15
000000939,Jur,Siwiński,Mauritius,1977-03-12
000000940,Domenka,Błońska,Niderlandy,1981-10-18
000000941,Stefan,Świerczyński,Malezja,1979-01-12
000000942,Rzepicha,Stawicka,Jamajka,1964-11-29
000000943,Niecisław,Borowski,Chorwacja,2008-10-14
000000944,Patrycja,Chojecka,Kambodża,1973-08-04
000000945,Irvine,Wesołowski,Gambia,1959-08-01
000000946,Angelika,Zarzycka,Zjedn.Emiraty Arabskie,1984-01-09
000000947,Tomasz,Dobrowolski,St.Lucia,2011-09-23
000000948,Jadzia,Seroczyńska,Republika Korei,1993-05-24
000000949,Emilek,Wasilewski,Nigeria,1962-03-22
000000950,Herminia,Radzimirska,Australia,1980-06-29
000000951,Dymitr,Przybyszewski,Nikaragua,1991-11-22
000000952,Krzesisława,Konopnicka,Irak,1954-09-29
000000953,Sławomierz,Stawiński,Irlandia,1979-11-17
000000954,Sobiesława,Gałecka,Rwanda,2011-02-24
000000955,Litman,Wilczewski,Turkmenistan,1999-08-25
000000956,Jowita,Jackowska,Włochy,1950-09-18
000000957,Tichon,Krzesiński,Chile,2000-12-15
000000958,Innocenta,Lutosławska,Bahamy,2003-10-25
000000959,Rajnold,Moszczyński,Argentyna,1970-07-03
000000960,Rozalka,Janicka,Liberia,2008-07-05
000000961,Frydzio,Małkowski,Azerbejdżan,1962-09-25
000000962,Agrypina,Rajewska,Koreańska Republika Ludowo-Demokratyczna,2001-12-27
000000963,Agramant,Sroczyński,Stany Zjedn. Ameryki,1957-03-01
000000964,Jolka,Mościcka,Hiszpania,1955-09-03
000000965,Bogumił,Namysłowski,Święta Helena,1966-05-15
000000966,Jagienka,Skrzyńska,Singapur,1995-04-24
000000967,Więcemir,Dunikowski,Salwador,1981-01-04
000000968,Witomiła,Jasińska,Wyb.Kości Słoniowej,1970-02-23
000000969,Zbygniew,Kraśniewski,Łotwa,2000-04-23
000000970,Gabi,Gajowianka,Czad,1974-02-20
000000971,Erwin,Zabielski,Malawi,1968-12-14
000000972,Mania,Warska,Filipiny,1958-05-09
000000973,Lojzeczek,Balicki,Boliwia,1982-09-25
000000974,Bożena,Boczkowska,Boliwia,1960-09-04
000000975,Salomon,Jeleński,Angola,1994-12-14
000000976,Kazka,Mikulska,Polska,2000-05-26
000000977,Matuzal,Leśnowolski,Kosowo,1999-12-23
000000978,Eligia,Sawicka,Ekwador,1997-08-25
000000979,Jakir,Ochojski,Nikaragua,2010-11-17
000000980,Aneczka,Bieńkowska,Bułgaria,1973-11-09
000000981,Kosma,Paradowski,Armenia,1977-02-23
000000982,Eufemia,Ciechomska,Zjedn.Emiraty Arabskie,1974-11-09
000000983,Klemens,Szymborski,Samoa Amerykańskie,1966-06-13
000000984,Bożenka,Krasuska,Barbados,1952-12-03
000000985,Amor,Lubomirski,Macedonia,1965-04-19
000000986,Żanetka,Pałka,Suazi,1962-12-14
000000987,Alcybiades,Kochanowski,Nowa Kaledonia,1959-08-22
000000988,Daniela,Orlińska,Gibraltar,1978-02-07
000000989,Ksenofont,Półtawski,Botswana,1955-04-07
000000990,Saturnina,Żbikowska,Meksyk,2008-04-24
000000991,Perec,Szczepański,Syria,1993-09-08
000000992,Samuela,Sokołowska,Okupowane Terytorium Palestyny,1978-09-07
000000993,Mordechaj,Woszczyński,Jemen,1991-01-28
000000994,Bohdana,Dmochowska,Cypr,1982-06-06
000000995,Patrycy,Piłsudski,Niemcy,1969-06-25
000000996,Dorka,Iwińska,Ekwador,1986-09-11
000000997,Burchard,Kulikowski,Zimbabwe,1980-05-06
000000998,Maryśka,Nowakowska,Senegal,2004-03-21
000000999,Nikuś,Nowowiejski,Święta Helena,1950-05-09
